{
  "project_info": {
    "project_number": "724014291162",
    "project_id": "kbg-login-register-firebase",
    "storage_bucket": "kbg-login-register-firebase.appspot.com"
  },
  "client": [
    {
      "client_info": {
        "mobilesdk_app_id": "1:724014291162:android:94cf0ef2adf80e6609ede3",
        "android_client_info": {
          "package_name": "com.fyp.fyp_login_java"
        }
      },
      "oauth_client": [
        {
          "client_id": "724014291162-htfm6btea6nbfasmgld138i5p5a7kg70.apps.googleusercontent.com",
          "client_type": 3
        }
      ],
      "api_key": [
        {
          "current_key": "AIzaSyA2gX9aK5wkFZrBr6xQ5yambXEfjo6-JZ4"
        }
      ],
      "services": {
        "appinvite_service": {
          "other_platform_oauth_client": [
            {
              "client_id": "724014291162-htfm6btea6nbfasmgld138i5p5a7kg70.apps.googleusercontent.com",
              "client_type": 3
            }
          ]
        }
      }
    }
  ],
  "configuration_version": "1"
}